{"train_step_loss": [1.162602186203003, 1.1369467973709106, 1.1391147375106812, 1.1352366209030151, 1.0967113971710205, 1.0406816005706787, 1.0249630212783813, 1.023017406463623, 1.0304360389709473, 0.9417685866355896, 0.9706404805183411, 0.9620968699455261, 0.9635180234909058, 0.8897577524185181, 0.9490657448768616, 0.9050794243812561, 0.8984384536743164, 0.9705230593681335, 0.9349343180656433, 0.9526528716087341, 0.9003085494041443, 0.9475865960121155, 0.8907734751701355, 0.8704177737236023, 0.9128920435905457, 0.9229558110237122, 0.9400006532669067, 0.8573086261749268, 0.8773579597473145, 0.8745070695877075, 0.8368011116981506, 0.8948031067848206, 0.8879833221435547, 0.8949382305145264, 0.8428605794906616, 0.8805481791496277, 0.8318429589271545, 0.8640120625495911, 0.8660023808479309, 0.8537563681602478, 0.8763617873191833, 0.8291851878166199, 0.8581632375717163, 0.8519497513771057, 0.8151731491088867, 0.833649754524231, 0.8414120674133301, 0.8681937456130981, 0.8688976168632507, 0.8486670255661011, 0.8578219413757324, 0.8682846426963806], "train_loss": [0.9361706972122192], "train_step_perplexity": [3.19824481010437, 3.117236375808716, 3.1240015029907227, 3.111909866333008, 2.994302749633789, 2.831146001815796, 2.786992311477661, 2.7815752029418945, 2.8022875785827637, 2.5645129680633545, 2.639634609222412, 2.6171786785125732, 2.6209006309509277, 2.434539794921875, 2.5832951068878174, 2.472128391265869, 2.4557652473449707, 2.63932466506958, 2.547046184539795, 2.592578172683716, 2.460362195968628, 2.579476833343506, 2.437013864517212, 2.3879082202911377, 2.4915177822113037, 2.5167183876037598, 2.559983253479004, 2.356809139251709, 2.40453839302063, 2.397693157196045, 2.308969020843506, 2.4468541145324707, 2.4302237033843994, 2.4471848011016846, 2.323002815246582, 2.412221670150757, 2.297549247741699, 2.3726608753204346, 2.3773880004882812, 2.348452091217041, 2.402144193649292, 2.2914509773254395, 2.3588240146636963, 2.3442130088806152, 2.2595670223236084, 2.301704168319702, 2.3196401596069336, 2.382603406906128, 2.3842809200286865, 2.3365302085876465, 2.3580191135406494, 2.382819890975952], "train_prep": [2.5501973628997803], "val_step_loss": [0.8153424859046936, 0.8318602442741394, 0.9240161776542664, 0.8760981559753418, 0.8835943937301636, 0.744687557220459, 0.8507888317108154, 0.8930283784866333, 0.8012021780014038, 0.8262760639190674, 0.8319517970085144, 0.8542034029960632, 0.9068065881729126, 0.9030876159667969, 0.8401263356208801, 0.9091295599937439, 0.7930338382720947, 0.8417249321937561, 0.8456020355224609, 0.7987163662910461, 0.7936406135559082, 0.9364719390869141, 0.8121796250343323, 0.8723690509796143, 0.8803889751434326, 0.8401327729225159, 0.8581169247627258, 0.829813539981842, 0.8285714983940125, 0.8021845817565918, 0.8658702373504639, 0.8529457449913025, 0.8476463556289673, 0.8001887202262878, 0.888245165348053, 0.887205183506012, 0.8546687960624695, 0.8669108748435974, 0.9232000112533569, 0.8593626022338867, 0.7745829224586487, 0.8625028729438782, 0.8852249383926392, 0.8864284753799438, 1.0078219175338745, 0.7568414807319641, 0.8791373372077942, 0.8052979111671448, 0.9250017404556274, 0.8670345544815063, 0.9217028617858887, 0.8501113653182983, 0.7919197678565979, 0.8661218285560608, 0.9047755002975464, 0.8164899945259094, 0.9189519882202148, 0.9327322840690613, 0.8796100616455078, 0.87718266248703, 0.8415542840957642, 0.8448967933654785, 0.9173925518989563, 0.8031225800514221, 0.8648887872695923, 0.8396430611610413, 0.8733623027801514, 0.912156343460083, 0.8404498100280762, 0.8522931933403015, 0.9010080099105835, 0.7997552156448364, 0.8424257040023804, 0.8062835931777954, 0.8250375986099243], "val_loss": [0.8566016554832458], "val_step_perplexity": [2.2599494457244873, 2.29758882522583, 2.519388437271118, 2.4015111923217773, 2.419581174850464, 2.105783462524414, 2.3414931297302246, 2.4425153732299805, 2.2282180786132812, 2.284794330596924, 2.2977993488311768, 2.3495020866394043, 2.4764018058776855, 2.4672093391418457, 2.316659688949585, 2.482161045074463, 2.2100913524627686, 2.320366144180298, 2.3293797969818115, 2.2226858139038086, 2.211432933807373, 2.5509655475616455, 2.2528128623962402, 2.3925721645355225, 2.411837577819824, 2.3166747093200684, 2.3587148189544678, 2.292891263961792, 2.2900450229644775, 2.230407953262329, 2.3770737648010254, 2.3465490341186523, 2.334146499633789, 2.2259609699249268, 2.4308600425720215, 2.4283335208892822, 2.350595712661743, 2.3795487880706787, 2.5173330307006836, 2.361654758453369, 2.169687032699585, 2.3690829277038574, 2.423529624938965, 2.426448106765747, 2.7396273612976074, 2.131533145904541, 2.408820629119873, 2.237362861633301, 2.5218727588653564, 2.379843235015869, 2.5135669708251953, 2.33990740776062, 2.2076303958892822, 2.377671957015991, 2.47137713432312, 2.2625441551208496, 2.506661891937256, 2.5414435863494873, 2.4099597930908203, 2.4041171073913574, 2.319969892501831, 2.32773756980896, 2.502756118774414, 2.2325010299682617, 2.374742031097412, 2.315540313720703, 2.3949499130249023, 2.489685297012329, 2.3174092769622803, 2.345018148422241, 2.4620838165283203, 2.224996328353882, 2.3219926357269287, 2.2395691871643066, 2.2819664478302], "val_prep": [2.3551435470581055], "alpaca_step_loss": [0.8153424859046936, 0.8318602442741394, 0.9240161776542664, 0.8760981559753418, 0.8835943937301636, 0.744687557220459, 0.8507888317108154, 0.8930283784866333, 0.8012021780014038, 0.8262760639190674, 0.8319517970085144, 0.8542034029960632, 0.9068065881729126, 0.9030876159667969, 0.8401263356208801, 0.9091295599937439, 0.7930338382720947, 0.8417249321937561, 0.8456020355224609, 0.7987163662910461, 0.7936406135559082, 0.9364719390869141, 0.8121796250343323, 0.8723690509796143, 0.8803889751434326, 0.8401327729225159, 0.8581169247627258, 0.829813539981842, 0.8285714983940125, 0.8021845817565918, 0.8658702373504639, 0.8529457449913025, 0.8476463556289673, 0.8001887202262878, 0.888245165348053, 0.887205183506012, 0.8546687960624695, 0.8669108748435974, 0.9232000112533569, 0.8593626022338867, 0.7745829224586487, 0.8625028729438782, 0.8852249383926392, 0.8864284753799438, 1.0078219175338745, 0.7568414807319641, 0.8791373372077942, 0.8052979111671448, 0.9250017404556274, 0.8670345544815063, 0.9217028617858887, 0.8501113653182983, 0.7919197678565979, 0.8661218285560608, 0.9047755002975464, 0.8164899945259094, 0.9189519882202148, 0.9327322840690613, 0.8796100616455078, 0.87718266248703, 0.8415542840957642, 0.8448967933654785, 0.9173925518989563, 0.8031225800514221, 0.8648887872695923, 0.8396430611610413, 0.8733623027801514, 0.912156343460083, 0.8404498100280762, 0.8522931933403015, 0.9010080099105835, 0.7997552156448364, 0.8424257040023804, 0.8062835931777954, 0.8250375986099243], "alpaca_loss": [0.8566016554832458],