{"train_step_loss": [1.04973304271698, 1.1756495237350464, 1.093994140625, 1.3036121129989624, 1.1119611263275146, 1.4119704961776733, 1.111305594444275, 1.1180144548416138, 1.0672979354858398, 1.1740069389343262, 0.979554295539856, 1.0039511919021606, 1.1550688743591309, 1.068772315979004, 0.962299644947052, 1.2866272926330566, 1.6894710063934326, 0.9022268652915955, 0.9405365586280823, 0.94991534948349, 0.8668779134750366, 0.9323723316192627, 0.9071484804153442, 0.8671800494194031, 0.8295993804931641, 0.8371217250823975, 0.9313902854919434, 0.8793135285377502, 0.7526111602783203, 0.8933156132698059, 0.8948577046394348, 0.8965306282043457, 0.8034428358078003, 0.86881422996521, 0.9170089364051819, 0.8578919172286987, 0.8808774352073669, 1.035177230834961, 0.7975214719772339, 0.8485902547836304, 1.0020124912261963, 0.9010817408561707, 0.7746093273162842, 0.820827841758728, 0.8494824767112732], "train_epoch_loss": [], "train_step_perplexity": [2.8568882942199707, 3.2402470111846924, 2.986177444458008, 3.6825742721557617, 3.0403149127960205, 4.104034423828125, 3.038322687149048, 3.058774948120117, 2.907512664794922, 3.234928846359253, 2.66326904296875, 2.729043483734131, 3.1742420196533203, 2.9118025302886963, 2.6177093982696533, 3.6205546855926514, 5.416614532470703, 2.4650864601135254, 2.5613553524017334, 2.5854909420013428, 2.3794703483581543, 2.5405290126800537, 2.4772486686706543, 2.3801894187927246, 2.292400360107422, 2.3097095489501953, 2.5380353927612305, 2.409245252609253, 2.122535228729248, 2.4432170391082764, 2.4469876289367676, 2.451084852218628, 2.2332162857055664, 2.384082317352295, 2.501796245574951, 2.358184337615967, 2.413015842437744, 2.815605401992798, 2.220031499862671, 2.336350679397583, 2.723757743835449, 2.4622652530670166, 2.1697442531585693, 2.2723803520202637, 2.3384363651275635], "train_epoch_perplexity": [], "val_step_loss": [], "val_epoch_loss": [], "val_step_perplexity": [], "val_epoch_perplexity": []}