{"train_step_loss": [1.162602186203003, 1.137085199356079, 1.1399521827697754, 1.1350688934326172, 1.0950160026550293, 1.0403019189834595, 1.0253862142562866, 1.0229305028915405, 1.0307626724243164, 0.9404022693634033, 0.9686988592147827, 0.9625992178916931, 0.9649369716644287, 0.8886334300041199, 0.9496405124664307, 0.903560221195221, 0.899823009967804, 0.9718549847602844, 0.9348047971725464, 0.9519956111907959, 0.8998547196388245, 0.9486294388771057, 0.8914074301719666, 0.8698704838752747, 0.9125704169273376, 0.9226328134536743, 0.9409313797950745, 0.8591495156288147, 0.8763750195503235, 0.874107837677002, 0.8344186544418335, 0.8941935896873474, 0.8855354189872742, 0.8931900858879089, 0.8439005017280579, 0.8812698125839233, 0.8306856155395508, 0.8635071516036987, 0.8656817674636841, 0.8542736172676086, 0.877360463142395, 0.8303375244140625, 0.8596752285957336, 0.8513086438179016], "train_epoch_loss": [0.9360663890838623], "train_step_perplexity": [3.19824481010437, 3.1176679134368896, 3.1266186237335205, 3.1113879680633545, 2.9892306327819824, 2.830071449279785, 2.7881720066070557, 2.7813334465026855, 2.8032028675079346, 2.561011552810669, 2.634514331817627, 2.6184937953948975, 2.624622344970703, 2.4318041801452637, 2.58478045463562, 2.4683754444122314, 2.459167957305908, 2.6428422927856445, 2.5467162132263184, 2.5908749103546143, 2.4592456817626953, 2.5821683406829834, 2.4385595321655273, 2.386601686477661, 2.4907164573669434, 2.5159056186676025, 2.5623667240142822, 2.361151695251465, 2.4021761417388916, 2.396735906600952, 2.3034746646881104, 2.4453630447387695, 2.4242820739746094, 2.4429104328155518, 2.3254196643829346, 2.4139630794525146, 2.294891834259033, 2.3714632987976074, 2.3766257762908936, 2.3496668338775635, 2.4045443534851074, 2.294092893600464, 2.362393379211426, 2.3427107334136963], "train_epoch_perplexity": [2.549931287765503], "val_step_loss": [0.8965385556221008, 0.8513330221176147, 0.8208914995193481, 0.8498468995094299, 0.9159129858016968, 0.8202071189880371, 0.8810768723487854, 0.9587564468383789, 0.9092332124710083, 0.8640044927597046, 0.8809791803359985, 0.8505358099937439, 0.9163552522659302, 0.8132248520851135, 0.8392481207847595, 0.8270635008811951, 0.8336294293403625, 0.9315285682678223, 0.860532820224762, 0.854224443435669, 0.9196088314056396, 0.8043389916419983, 0.8566933870315552, 0.7656680941581726, 0.8178315758705139], "val_epoch_loss": [0.8615705966949463], "val_step_perplexity": [2.451103925704956, 2.3427677154541016, 2.272524833679199, 2.3392884731292725, 2.499055862426758, 2.270970106124878, 2.41349720954895, 2.6084506511688232, 2.4824185371398926, 2.372642993927002, 2.413261651992798, 2.3409008979797363, 2.5001611709594727, 2.255168914794922, 2.3146259784698486, 2.2865941524505615, 2.3016574382781982, 2.538386344909668, 2.364420175552368, 2.3495514392852783, 2.5083091259002686, 2.2352182865142822, 2.3553595542907715, 2.15043044090271, 2.2655816078186035], "val_epoch_perplexity": [2.366875171661377]}