{"train_step_loss": [1.162602186203003, 1.1369467973709106, 1.1391147375106812, 1.1352366209030151, 1.0967113971710205, 1.0406816005706787, 1.0249630212783813, 1.023017406463623, 1.0304360389709473, 0.9417685866355896, 0.9706404805183411, 0.9620968699455261, 0.9635180234909058, 0.8897577524185181, 0.9490657448768616, 0.9050794243812561, 0.8984384536743164, 0.9705230593681335, 0.9349343180656433, 0.9526528716087341, 0.9003085494041443, 0.9475865960121155, 0.8907734751701355, 0.8704177737236023, 0.9128920435905457, 0.9229558110237122, 0.9400006532669067, 0.8573086261749268, 0.8773579597473145, 0.8745070695877075, 0.8368011116981506, 0.8948031067848206, 0.8879833221435547], "train_loss": [], "train_step_perplexity": [3.19824481010437, 3.117236375808716, 3.1240015029907227, 3.111909866333008, 2.994302749633789, 2.831146001815796, 2.786992311477661, 2.7815752029418945, 2.8022875785827637, 2.5645129680633545, 2.639634609222412, 2.6171786785125732, 2.6209006309509277, 2.434539794921875, 2.5832951068878174, 2.472128391265869, 2.4557652473449707, 2.63932466506958, 2.547046184539795, 2.592578172683716, 2.460362195968628, 2.579476833343506, 2.437013864517212, 2.3879082202911377, 2.4915177822113037, 2.5167183876037598, 2.559983253479004, 2.356809139251709, 2.40453839302063, 2.397693157196045, 2.308969020843506, 2.4468541145324707, 2.4302237033843994], "train_prep": [], "val_step_loss": [], "val_loss": [], "val_step_perplexity": [], "val_prep": [], "alpaca_step_loss": [], "alpaca_loss": [], "alpaca_step_perplexity": [], "alpaca_prep": []}