{"train_step_loss": [1.162602186203003, 1.1369467973709106, 1.1391147375106812, 1.1352366209030151, 1.0967113971710205, 1.0406816005706787, 1.0249630212783813, 1.023017406463623, 1.0304360389709473, 0.9417685866355896, 0.9706404805183411], "train_loss": [], "train_step_perplexity": [3.19824481010437, 3.117236375808716, 3.1240015029907227, 3.111909866333008, 2.994302749633789, 2.831146001815796, 2.786992311477661, 2.7815752029418945, 2.8022875785827637, 2.5645129680633545, 2.639634609222412], "train_prep": [], "val_step_loss": [], "val_loss": [], "val_step_perplexity": [], "val_prep": [], "alpaca_step_loss": [], "alpaca_loss": [], "alpaca_step_perplexity": [], "alpaca_prep": []}