{"train_step_loss": [1.162602186203003, 1.1383237838745117, 1.1372931003570557, 1.1353318691253662, 1.0962773561477661, 1.0418128967285156, 1.0263125896453857, 1.0237284898757935, 1.0282858610153198, 0.9409542083740234, 0.9697036743164062, 0.9619100093841553, 0.9626215100288391, 0.8892245888710022, 0.9483304619789124, 0.9039018750190735, 0.89937424659729, 0.9701614379882812, 0.9344071745872498, 0.9518985748291016, 0.8996237516403198, 0.9453753232955933, 0.8920139074325562, 0.8716076612472534, 0.9131382703781128, 0.9226945638656616, 0.9415436387062073, 0.8579942584037781, 0.8760716319084167, 0.8750672340393066, 0.8359485864639282, 0.8924511075019836, 0.8859855532646179, 0.8933353424072266, 0.8423924446105957, 0.8801707029342651, 0.8318361043930054, 0.862739086151123, 0.8653463125228882, 0.8540070652961731, 0.8769924640655518, 0.828312873840332, 0.8590694665908813, 0.8511855006217957, 0.8160558938980103], "train_loss": [0.9358489513397217], "train_step_perplexity": [3.19824481010437, 3.1215314865112305, 3.1183159351348877, 3.11220645904541, 2.9930033683776855, 2.834350824356079, 2.7907559871673584, 2.7835538387298584, 2.7962684631347656, 2.562425374984741, 2.6371631622314453, 2.616689682006836, 2.6185522079467773, 2.433242082595825, 2.5813965797424316, 2.4692189693450928, 2.458064556121826, 2.6383705139160156, 2.545703887939453, 2.590623617172241, 2.4586777687072754, 2.573779344558716, 2.4400386810302734, 2.390751361846924, 2.492131233215332, 2.5160610675811768, 2.563936233520508, 2.3584253787994385, 2.4014475345611572, 2.3990366458892822, 2.3070013523101807, 2.441105604171753, 2.4253735542297363, 2.443265438079834, 2.3219153881073, 2.411311149597168, 2.2975335121154785, 2.369642496109009, 2.375828742980957, 2.3490407466888428, 2.4036598205566406, 2.2894527912139893, 2.3609628677368164, 2.3424220085144043, 2.2615623474121094], "train_prep": [2.549376964569092], "val_step_loss": [0.8177345991134644, 0.8300487995147705, 0.9240186214447021, 0.875400722026825, 0.8843221664428711, 0.7421954870223999, 0.8496840000152588, 0.8920601010322571, 0.8024469614028931, 0.8264326453208923, 0.8293618559837341, 0.8571345210075378, 0.9024096131324768, 0.8996140956878662, 0.8393982648849487, 0.9060388803482056, 0.7908542156219482, 0.8415266275405884, 0.8436961770057678, 0.7992160320281982, 0.7928601503372192, 0.9342110753059387, 0.8123061060905457, 0.8709235787391663, 0.8774634599685669, 0.8388167023658752, 0.860328733921051, 0.8269376754760742, 0.8285529613494873, 0.8018766641616821, 0.869915246963501, 0.852252721786499, 0.8474258780479431, 0.7976524829864502, 0.8916240334510803, 0.8848676085472107, 0.8581306338310242, 0.8672519326210022, 0.9255208373069763, 0.8614720106124878, 0.7754654288291931, 0.8674972653388977, 0.8872424364089966, 0.888653039932251, 1.0088893175125122, 0.7565640211105347, 0.8811233043670654, 0.8084851503372192, 0.9226579070091248, 0.8666906356811523, 0.9184544086456299, 0.8494037985801697, 0.7890775203704834, 0.8667505383491516, 0.903944730758667, 0.8172177076339722, 0.9200877547264099, 0.9325947761535645, 0.8808311223983765, 0.8743223547935486, 0.842070460319519, 0.845366358757019, 0.9199631810188293, 0.8023325800895691, 0.8643595576286316, 0.8401082158088684, 0.874345064163208, 0.914894700050354, 0.8384522795677185, 0.8544338941574097, 0.9037609100341797, 0.8002351522445679, 0.8444923758506775, 0.8078990578651428, 0.8230231404304504], "val_loss": [0.8566091060638428], "val_step_perplexity": [2.265362024307251, 2.293430805206299, 2.519394636154175, 2.399836778640747, 2.421342611312866, 2.1005420684814453, 2.3389077186584473, 2.4401514530181885, 2.2309935092926025, 2.2851521968841553, 2.291855812072754, 2.356398820877075, 2.4655368328094482, 2.4586541652679443, 2.3149735927581787, 2.474501371383667, 2.2052793502807617, 2.319905996322632, 2.324944496154785, 2.223796844482422, 2.209707498550415, 2.5452046394348145, 2.2530980110168457, 2.3891165256500244, 2.404792308807373, 2.3136277198791504, 2.3639376163482666, 2.286306619644165, 2.2900025844573975, 2.2297213077545166, 2.3867084980010986, 2.344923257827759, 2.333631992340088, 2.220322608947754, 2.4390876293182373, 2.422663688659668, 2.3587472438812256, 2.3803606033325195, 2.5231821537017822, 2.3666419982910156, 2.171602725982666, 2.3809444904327393, 2.4284238815307617, 2.431851863861084, 2.742553234100342, 2.130941867828369, 2.413609266281128, 2.2445054054260254, 2.5159687995910645, 2.3790247440338135, 2.505415201187134, 2.338252305984497, 2.201364755630493, 2.379167318344116, 2.469324827194214, 2.2641913890838623, 2.5095107555389404, 2.5410940647125244, 2.4129042625427246, 2.3972504138946533, 2.3211679458618164, 2.3288309574127197, 2.5091981887817383, 2.2307381629943848, 2.373485565185547, 2.316617727279663, 2.3973045349121094, 2.4965124130249023, 2.3127846717834473, 2.350043535232544, 2.4688708782196045, 2.226064443588257, 2.326796293258667, 2.243190288543701, 2.277374267578125], "val_prep": [2.355161190032959], "alpaca_step_loss": [1.6858874559402466, 1.4945467710494995, 1.5298200845718384, 1.4133780002593994, 1.4225337505340576, 1.4887430667877197, 1.4264529943466187, 1.5615651607513428, 1.7419956922531128, 1.31082022190094, 1.7285985946655273, 1.6055711507797241, 1.7479110956192017, 1.4987629652023315, 1.5592575073242188, 1.374934196472168, 1.3996961116790771, 1.4982894659042358, 1.746049165725708, 1.3143025636672974, 1.646090030670166, 1.479419231414795, 1.6267589330673218, 1.5098999738693237, 1.4764693975448608, 1.4913043975830078, 1.4422684907913208, 1.6986117362976074, 1.5794565677642822, 1.3746196031570435, 1.4811643362045288, 1.4517009258270264, 1.5679726600646973, 1.6782004833221436, 1.4850932359695435, 1.543932557106018, 1.5638787746429443, 1.334638237953186, 1.4380662441253662, 1.702768325805664, 1.6200504302978516, 1.6743437051773071, 1.6159441471099854, 1.4100664854049683, 1.5290952920913696, 1.5064597129821777, 1.706720232963562, 1.3109315633773804, 1.6101456880569458, 1.3738378286361694, 1.6525920629501343, 1.5651459693908691, 1.4283223152160645, 1.6923247575759888, 1.692366600036621, 1.7542933225631714, 1.5555979013442993, 1.6165523529052734, 1.4345464706420898, 1.434387445449829, 1.709484577178955, 1.4584883451461792, 1.623618245124817, 1.6511011123657227, 1.382546067237854, 1.5136371850967407, 1.4593350887298584, 1.524689793586731, 1.4126662015914917, 1.5075258016586304, 1.5905876159667969, 1.452695608139038, 1.6088452339172363, 1.479854941368103, 1.3174554109573364, 1.537326693534851, 1.6233628988265991, 1.5871238708496094, 1.437221884727478, 1.4234027862548828, 1.6348708868026733, 1.6878764629364014, 1.478314757347107, 1.403625726699829, 1.5640982389450073, 1.5024466514587402, 1.3584704399108887, 1.5802860260009766, 1.571518898010254, 1.6303393840789795, 1.048404335975647, 1.7541764974594116, 1.4270755052566528, 1.3553446531295776, 1.245422124862671, 1.544148325920105, 1.3582124710083008, 1.3835232257843018, 1.508400321006775, 1.4317282438278198, 1.396072268486023, 1.5705108642578125, 1.556884765625, 1.7445982694625854, 1.419079303741455, 1.7281323671340942, 1.3171610832214355, 1.4386005401611328, 1.5594604015350342, 1.5274337530136108, 1.731703281402588, 1.5750812292099, 1.5669918060302734], "alpaca_loss": [1.5239484310150146],