{"train_step_loss": [1.162602186203003, 1.1394965648651123, 1.136731505393982, 1.1371617317199707, 1.0953646898269653, 1.0421183109283447, 1.0252774953842163, 1.022033452987671, 1.0301326513290405, 0.9416363835334778, 0.9687036275863647, 0.9627307057380676, 0.9629456996917725, 0.8884208798408508, 0.9491642117500305, 0.9024245142936707, 0.8974050283432007, 0.9703196883201599, 0.9345758557319641, 0.9533327221870422, 0.8989555239677429, 0.947185754776001, 0.8904703259468079, 0.869960367679596, 0.9120112061500549, 0.9226782917976379, 0.9410132765769958, 0.8580127954483032, 0.8765692114830017, 0.8742135763168335, 0.8355489373207092, 0.8940982818603516, 0.8858920335769653, 0.892930805683136, 0.8436262011528015, 0.8810917735099792, 0.8322868943214417, 0.8645597696304321, 0.865064799785614, 0.8535994291305542, 0.8777710795402527, 0.8302736878395081, 0.8599284291267395, 0.8518714904785156], "train_loss": [], "train_step_perplexity": [3.19824481010437, 3.1251943111419678, 3.116565227508545, 3.117906332015991, 2.9902729988098145, 2.835216522216797, 2.7878689765930176, 2.778839588165283, 2.8014373779296875, 2.564174175262451, 2.6345269680023193, 2.618837833404541, 2.619400978088379, 2.4312872886657715, 2.5835494995117188, 2.465573787689209, 2.4532289505004883, 2.6387879848480225, 2.546133279800415, 2.594341516494751, 2.457035541534424, 2.5784430503845215, 2.4362752437591553, 2.3868162631988525, 2.4893240928649902, 2.5160200595855713, 2.5625767707824707, 2.358469247817993, 2.4026424884796143, 2.396989583969116, 2.306079626083374, 2.4451301097869873, 2.4251468181610107, 2.442277193069458, 2.324781656265259, 2.4135332107543945, 2.298569440841675, 2.3739609718322754, 2.3751602172851562, 2.348083257675171, 2.405532121658325, 2.2939465045928955, 2.3629915714263916, 2.344029426574707], "train_prep": [], "val_step_loss": [], "val_loss": [], "val_step_perplexity": [], "val_prep": [], "alpaca_step_loss": [], "alpaca_loss": [], "alpaca_step_perplexity": [], "alpaca_prep": []}